league,season,match_id,isResult,home_id,home_team,home_abbr,away_id,away_team,away_abbr,home_goals,away_goals,home_xG,away_xG,datetime,forecast_win,forecast_draw,forecast_loss
EPL,2021/2022,16376,TRUE,244,Brentford,BRE,83,Arsenal,ARS,2,0,1.88818,1.02385,2021-08-13 19:00:00,0.6289,0.2287,0.1424
EPL,2021/2022,16377,TRUE,89,Manchester United,MUN,245,Leeds,LED,5,1,1.64248,0.568342,2021-08-14 11:30:00,0.6618,0.2327,0.1055
EPL,2021/2022,16378,TRUE,92,Burnley,BUR,220,Brighton,BRI,1,2,1.79548,1.6853,2021-08-14 14:00:00,0.3894,0.2877,0.3229
EPL,2021/2022,16379,TRUE,80,Chelsea,CHE,78,Crystal Palace,CRY,3,0,1.18709,0.321701,2021-08-14 14:00:00,0.6405,0.2822,0.0773
EPL,2021/2022,16380,TRUE,72,Everton,EVE,74,Southampton,SOU,3,1,2.38863,0.580601,2021-08-14 14:00:00,0.8359,0.1234,0.0407
EPL,2021/2022,16381,TRUE,75,Leicester,LEI,229,Wolverhampton Wanderers,WOL,1,0,0.668082,1.32714,2021-08-14 14:00:00,0.1683,0.275,0.5567
EPL,2021/2022,16382,TRUE,90,Watford,WAT,71,Aston Villa,AVL,3,2,1.35036,1.13718,2021-08-14 14:00:00,0.3877,0.3205,0.2918
EPL,2021/2022,16383,TRUE,79,Norwich,NOR,87,Liverpool,LIV,0,3,1.3333,1.78728,2021-08-14 16:30:00,0.2578,0.2601,0.4821
EPL,2021/2022,16384,TRUE,86,Newcastle United,NEW,81,West Ham,WHU,2,4,1.67926,3.00939,2021-08-15 13:00:00,0.1222,0.1825,0.6953
EPL,2021/2022,16385,TRUE,82,Tottenham,TOT,88,Manchester City,MCI,1,0,1.06014,2.1058500000000002,2021-08-15 15:30:00,0.143,0.2222,0.6348
EPL,2021/2022,16386,TRUE,87,Liverpool,LIV,92,Burnley,BUR,2,0,2.63945,0.690464,2021-08-21 11:30:00,0.8118,0.1329,0.0553
EPL,2021/2022,16387,TRUE,88,Manchester City,MCI,79,Norwich,NOR,5,0,2.43928,0.0250088,2021-08-21 14:00:00,0.9626,0.0367,7e-4
EPL,2021/2022,16388,TRUE,71,Aston Villa,AVL,86,Newcastle United,NEW,2,0,1.18426,0.63163,2021-08-21 14:00:00,0.5426,0.3163,0.1411
EPL,2021/2022,16389,TRUE,78,Crystal Palace,CRY,244,Brentford,BRE,0,0,0.606313,0.712439,2021-08-21 14:00:00,0.2744,0.3907,0.3349
EPL,2021/2022,16390,TRUE,245,Leeds,LED,72,Everton,EVE,2,2,0.966093,1.85713,2021-08-21 14:00:00,0.1373,0.232,0.6307
EPL,2021/2022,16391,TRUE,220,Brighton,BRI,90,Watford,WAT,2,0,1.77896,0.407224,2021-08-21 16:30:00,0.7795,0.1682,0.0523
EPL,2021/2022,16392,TRUE,74,Southampton,SOU,89,Manchester United,MUN,1,1,0.587526,2.26173,2021-08-22 13:00:00,0.0446,0.1431,0.8123
EPL,2021/2022,16393,TRUE,229,Wolverhampton Wanderers,WOL,82,Tottenham,TOT,0,1,1.51127,1.72636,2021-08-22 13:00:00,0.2871,0.276,0.4369
EPL,2021/2022,16394,TRUE,83,Arsenal,ARS,80,Chelsea,CHE,0,2,0.630099,3.64132,2021-08-22 15:30:00,0.0088,0.0395,0.9517
EPL,2021/2022,16395,TRUE,81,West Ham,WHU,75,Leicester,LEI,4,1,2.28613,0.62676,2021-08-23 19:00:00,0.7776,0.1655,0.0569
EPL,2021/2022,16396,TRUE,88,Manchester City,MCI,83,Arsenal,ARS,5,0,4.47273,0.116805,2021-08-28 11:30:00,0.9943,0.0054,3e-4
EPL,2021/2022,16397,TRUE,86,Newcastle United,NEW,74,Southampton,SOU,2,2,1.19077,3.46036,2021-08-28 14:00:00,0.0173,0.0763,0.9064
EPL,2021/2022,16398,TRUE,79,Norwich,NOR,75,Leicester,LEI,1,2,1.44084,1.27371,2021-08-28 14:00:00,0.3977,0.309,0.2933
EPL,2021/2022,16399,TRUE,71,Aston Villa,AVL,244,Brentford,BRE,1,1,0.431464,1.13312,2021-08-28 14:00:00,0.1214,0.3143,0.5643
EPL,2021/2022,16400,TRUE,220,Brighton,BRI,72,Everton,EVE,0,2,0.701622,1.54868,2021-08-28 14:00:00,0.1307,0.2493,0.62
EPL,2021/2022,16401,TRUE,81,West Ham,WHU,78,Crystal Palace,CRY,2,2,1.44748,1.67658,2021-08-28 14:00:00,0.2841,0.2824,0.4335
EPL,2021/2022,16402,TRUE,87,Liverpool,LIV,80,Chelsea,CHE,1,1,2.08462,0.573638,2021-08-28 16:30:00,0.7743,0.1646,0.0611
EPL,2021/2022,16403,TRUE,92,Burnley,BUR,245,Leeds,LED,1,1,1.71102,1.52078,2021-08-29 13:00:00,0.3969,0.3278,0.2753
EPL,2021/2022,16404,TRUE,82,Tottenham,TOT,90,Watford,WAT,1,0,0.920963,0.596016,2021-08-29 13:00:00,0.4144,0.361,0.2246
EPL,2021/2022,16405,TRUE,229,Wolverhampton Wanderers,WOL,89,Manchester United,MUN,0,1,1.79575,0.944083,2021-08-29 15:30:00,0.6025,0.267,0.1305
EPL,2021/2022,16406,TRUE,78,Crystal Palace,CRY,82,Tottenham,TOT,3,0,2.89372,0.0775646,2021-09-11 11:30:00,0.9872,0.012,8e-4
EPL,2021/2022,16407,TRUE,83,Arsenal,ARS,79,Norwich,NOR,1,0,2.68515,0.577292,2021-09-11 14:00:00,0.8611,0.1008,0.0381
EPL,2021/2022,16408,TRUE,244,Brentford,BRE,220,Brighton,BRI,0,1,0.729786,0.287902,2021-09-11 14:00:00,0.4446,0.4316,0.1238
EPL,2021/2022,16409,TRUE,75,Leicester,LEI,88,Manchester City,MCI,0,1,0.8001,2.75058,2021-09-11 14:00:00,0.0524,0.1247,0.8229
EPL,2021/2022,16410,TRUE,89,Manchester United,MUN,86,Newcastle United,NEW,4,1,2.77326,0.622042,2021-09-11 14:00:00,0.8917,0.0845,0.0238
EPL,2021/2022,16411,TRUE,74,Southampton,SOU,81,West Ham,WHU,0,0,0.692135,0.725407,2021-09-11 14:00:00,0.306,0.3717,0.3223
EPL,2021/2022,16412,TRUE,90,Watford,WAT,229,Wolverhampton Wanderers,WOL,0,2,0.185407,2.55922,2021-09-11 14:00:00,0.0034,0.033,0.9636
EPL,2021/2022,16413,TRUE,80,Chelsea,CHE,71,Aston Villa,AVL,3,0,1.22153,1.17349,2021-09-11 16:30:00,0.3501,0.3138,0.3361
EPL,2021/2022,16414,TRUE,245,Leeds,LED,87,Liverpool,LIV,0,3,0.652514,4.4016,2021-09-12 15:30:00,0.0071,0.024,0.9689
EPL,2021/2022,16415,TRUE,72,Everton,EVE,92,Burnley,BUR,3,1,1.80386,1.82061,2021-09-13 19:00:00,0.3516,0.2706,0.3778
EPL,2021/2022,16416,TRUE,86,Newcastle United,NEW,245,Leeds,LED,1,1,1.17668,1.42995,2021-09-17 19:00:00,0.2984,0.2732,0.4284
EPL,2021/2022,16417,TRUE,229,Wolverhampton Wanderers,WOL,244,Brentford,BRE,0,2,1.02316,2.32741,2021-09-18 11:30:00,0.0763,0.1796,0.7441
EPL,2021/2022,16418,TRUE,79,Norwich,NOR,90,Watford,WAT,1,3,0.782665,2.42487,2021-09-18 14:00:00,0.068,0.1477,0.7843
EPL,2021/2022,16419,TRUE,92,Burnley,BUR,83,Arsenal,ARS,0,1,0.775574,1.09928,2021-09-18 14:00:00,0.2331,0.3205,0.4464
EPL,2021/2022,16420,TRUE,87,Liverpool,LIV,78,Crystal Palace,CRY,3,0,2.76793,0.644168,2021-09-18 14:00:00,0.8783,0.088,0.0337
EPL,2021/2022,16421,TRUE,88,Manchester City,MCI,74,Southampton,SOU,0,0,1.22451,0.490923,2021-09-18 14:00:00,0.5597,0.297,0.1433
EPL,2021/2022,16422,TRUE,71,Aston Villa,AVL,72,Everton,EVE,3,0,0.777716,0.755035,2021-09-18 16:30:00,0.3236,0.365,0.3114
EPL,2021/2022,16423,TRUE,220,Brighton,BRI,75,Leicester,LEI,2,1,1.47438,1.25373,2021-09-19 13:00:00,0.4099,0.3102,0.2799
EPL,2021/2022,16424,TRUE,81,West Ham,WHU,89,Manchester United,MUN,1,2,1.6671,1.8954,2021-09-19 13:00:00,0.2947,0.3001,0.4052
EPL,2021/2022,16425,TRUE,82,Tottenham,TOT,80,Chelsea,CHE,0,3,0.70567,2.5869,2021-09-19 15:30:00,0.0491,0.1287,0.8222
EPL,2021/2022,16426,TRUE,80,Chelsea,CHE,88,Manchester City,MCI,0,1,0.194202,1.69244,2021-09-25 11:30:00,0.0287,0.1742,0.7971
EPL,2021/2022,16431,TRUE,89,Manchester United,MUN,71,Aston Villa,AVL,0,1,1.9251,1.57249,2021-09-25 11:30:00,0.4531,0.2656,0.2813
EPL,2021/2022,16427,TRUE,90,Watford,WAT,86,Newcastle United,NEW,1,1,0.904061,2.52338,2021-09-25 14:00:00,0.0863,0.1454,0.7683
EPL,2021/2022,16428,TRUE,72,Everton,EVE,79,Norwich,NOR,2,0,2.26681,0.800903,2021-09-25 14:00:00,0.7957,0.1591,0.0452
EPL,2021/2022,16429,TRUE,245,Leeds,LED,81,West Ham,WHU,1,2,1.1967,1.98962,2021-09-25 14:00:00,0.1991,0.2264,0.5745
EPL,2021/2022,16430,TRUE,75,Leicester,LEI,92,Burnley,BUR,2,2,2.16233,0.428866,2021-09-25 14:00:00,0.8072,0.1483,0.0445
EPL,2021/2022,16432,TRUE,244,Brentford,BRE,87,Liverpool,LIV,3,3,2.94058,2.25736,2021-09-25 16:30:00,0.552,0.2087,0.2393
EPL,2021/2022,16433,TRUE,74,Southampton,SOU,229,Wolverhampton Wanderers,WOL,0,1,0.909342,0.909833,2021-09-26 13:00:00,0.3238,0.3319,0.3443
EPL,2021/2022,16434,TRUE,83,Arsenal,ARS,82,Tottenham,TOT,3,1,1.44499,0.980166,2021-09-26 15:30:00,0.4985,0.2844,0.2171
EPL,2021/2022,16435,TRUE,78,Crystal Palace,CRY,220,Brighton,BRI,1,1,1.36836,0.649566,2021-09-27 19:00:00,0.5996,0.2765,0.1239
EPL,2021/2022,16442,TRUE,89,Manchester United,MUN,72,Everton,EVE,1,1,1.0496,1.32211,2021-10-02 11:30:00,0.2749,0.2983,0.4268
EPL,2021/2022,16437,TRUE,92,Burnley,BUR,79,Norwich,NOR,0,0,0.584725,0.673617,2021-10-02 14:00:00,0.2597,0.406,0.3343
EPL,2021/2022,16438,TRUE,80,Chelsea,CHE,74,Southampton,SOU,3,1,3.79243,1.52634,2021-10-02 14:00:00,0.8747,0.096,0.0293
EPL,2021/2022,16440,TRUE,245,Leeds,LED,90,Watford,WAT,1,0,1.57388,0.192794,2021-10-02 14:00:00,0.775,0.1878,0.0372
EPL,2021/2022,16445,TRUE,229,Wolverhampton Wanderers,WOL,86,Newcastle United,NEW,2,1,1.15849,0.865217,2021-10-02 14:00:00,0.4258,0.3526,0.2216
EPL,2021/2022,16436,TRUE,220,Brighton,BRI,83,Arsenal,ARS,0,0,1.11551,0.36431,2021-10-02 16:30:00,0.5517,0.3319,0.1164
EPL,2021/2022,16439,TRUE,78,Crystal Palace,CRY,75,Leicester,LEI,2,2,1.1703,1.04322,2021-10-03 13:00:00,0.369,0.3054,0.3256
EPL,2021/2022,16443,TRUE,82,Tottenham,TOT,71,Aston Villa,AVL,2,1,1.78187,1.07395,2021-10-03 13:00:00,0.5459,0.2622,0.1919
EPL,2021/2022,16444,TRUE,81,West Ham,WHU,244,Brentford,BRE,1,2,1.37258,1.30098,2021-10-03 13:00:00,0.3646,0.291,0.3444
EPL,2021/2022,16441,TRUE,87,Liverpool,LIV,88,Manchester City,MCI,2,2,0.949368,1.04319,2021-10-03 15:30:00,0.3183,0.3225,0.3592
EPL,2021/2022,16455,TRUE,90,Watford,WAT,87,Liverpool,LIV,0,5,0.302302,3.65553,2021-10-16 11:30:00,0.0022,0.0123,0.9855
EPL,2021/2022,16447,TRUE,71,Aston Villa,AVL,229,Wolverhampton Wanderers,WOL,2,3,1.21276,2.19633,2021-10-16 14:00:00,0.1447,0.2184,0.6369
EPL,2021/2022,16450,TRUE,75,Leicester,LEI,89,Manchester United,MUN,4,2,2.96611,1.02494,2021-10-16 14:00:00,0.8373,0.1119,0.0508
EPL,2021/2022,16451,TRUE,88,Manchester City,MCI,92,Burnley,BUR,2,0,2.15712,1.07719,2021-10-16 14:00:00,0.6665,0.2235,0.11
EPL,2021/2022,16453,TRUE,79,Norwich,NOR,220,Brighton,BRI,0,0,1.16088,1.17572,2021-10-16 14:00:00,0.3239,0.3312,0.3449
EPL,2021/2022,16454,TRUE,74,Southampton,SOU,245,Leeds,LED,1,0,1.83082,0.446173,2021-10-16 14:00:00,0.7596,0.1866,0.0538
EPL,2021/2022,16448,TRUE,244,Brentford,BRE,80,Chelsea,CHE,0,1,1.62169,0.248256,2021-10-16 16:30:00,0.7703,0.1904,0.0393
EPL,2021/2022,16449,TRUE,72,Everton,EVE,81,West Ham,WHU,0,1,0.854165,2.03034,2021-10-17 13:00:00,0.1082,0.1977,0.6941
EPL,2021/2022,16452,TRUE,86,Newcastle United,NEW,82,Tottenham,TOT,2,3,0.645658,1.55008,2021-10-17 15:30:00,0.1015,0.2551,0.6434
EPL,2021/2022,16446,TRUE,83,Arsenal,ARS,78,Crystal Palace,CRY,2,2,1.7436,0.492239,2021-10-18 19:00:00,0.7347,0.193,0.0723
EPL,2021/2022,16456,TRUE,83,Arsenal,ARS,71,Aston Villa,AVL,3,1,3.4984,1.41088,2021-10-22 19:00:00,0.8436,0.1087,0.0477
EPL,2021/2022,16459,TRUE,80,Chelsea,CHE,79,Norwich,NOR,7,0,3.10509,0.267429,2021-10-23 11:30:00,0.9608,0.0353,0.0039
EPL,2021/2022,16460,TRUE,78,Crystal Palace,CRY,86,Newcastle United,NEW,1,1,2.25588,0.721813,2021-10-23 14:00:00,0.7766,0.1673,0.0561
EPL,2021/2022,16461,TRUE,72,Everton,EVE,90,Watford,WAT,2,5,1.84089,3.10344,2021-10-23 14:00:00,0.1422,0.1764,0.6814
EPL,2021/2022,16462,TRUE,245,Leeds,LED,229,Wolverhampton Wanderers,WOL,1,1,1.71313,0.858644,2021-10-23 14:00:00,0.6119,0.2536,0.1345
EPL,2021/2022,16464,TRUE,74,Southampton,SOU,92,Burnley,BUR,2,2,1.42567,0.673195,2021-10-23 14:00:00,0.5749,0.2845,0.1406
EPL,2021/2022,16458,TRUE,220,Brighton,BRI,88,Manchester City,MCI,1,4,1.1695,3.57376,2021-10-23 16:30:00,0.0199,0.0811,0.899
EPL,2021/2022,16457,TRUE,244,Brentford,BRE,75,Leicester,LEI,1,2,1.16789,1.00254,2021-10-24 13:00:00,0.3902,0.3246,0.2852
EPL,2021/2022,16465,TRUE,81,West Ham,WHU,82,Tottenham,TOT,1,0,1.73468,0.672198,2021-10-24 13:00:00,0.6769,0.2235,0.0996
EPL,2021/2022,16463,TRUE,89,Manchester United,MUN,87,Liverpool,LIV,0,5,1.35584,4.04765,2021-10-24 15:30:00,0.0288,0.0659,0.9053
EPL,2021/2022,16468,TRUE,75,Leicester,LEI,83,Arsenal,ARS,0,2,1.98801,1.10288,2021-10-30 11:30:00,0.6172,0.2317,0.1511
EPL,2021/2022,16467,TRUE,92,Burnley,BUR,244,Brentford,BRE,3,1,2.72901,0.834312,2021-10-30 14:00:00,0.8299,0.1193,0.0508
EPL,2021/2022,16469,TRUE,87,Liverpool,LIV,220,Brighton,BRI,2,2,1.39778,1.51032,2021-10-30 14:00:00,0.3222,0.279,0.3988
EPL,2021/2022,16470,TRUE,88,Manchester City,MCI,78,Crystal Palace,CRY,0,2,0.65739,1.05029,2021-10-30 14:00:00,0.2045,0.3281,0.4674
EPL,2021/2022,16471,TRUE,86,Newcastle United,NEW,80,Chelsea,CHE,0,3,0.157616,2.16608,2021-10-30 14:00:00,0.0067,0.0614,0.9319
EPL,2021/2022,16474,TRUE,90,Watford,WAT,74,Southampton,SOU,0,1,0.852556,1.90757,2021-10-30 14:00:00,0.1184,0.2165,0.6651
EPL,2021/2022,16473,TRUE,82,Tottenham,TOT,89,Manchester United,MUN,0,3,1.15787,1.38612,2021-10-30 16:30:00,0.2873,0.3069,0.4058
EPL,2021/2022,16472,TRUE,79,Norwich,NOR,245,Leeds,LED,1,2,0.661887,1.16855,2021-10-31 14:00:00,0.1855,0.3103,0.5042
EPL,2021/2022,16466,TRUE,71,Aston Villa,AVL,81,West Ham,WHU,1,4,0.687551,2.66391,2021-10-31 16:30:00,0.0209,0.0903,0.8888
EPL,2021/2022,16475,TRUE,229,Wolverhampton Wanderers,WOL,72,Everton,EVE,2,1,1.69344,1.69767,2021-11-01 20:00:00,0.3571,0.2722,0.3707
EPL,2021/2022,16484,TRUE,74,Southampton,SOU,71,Aston Villa,AVL,1,0,0.89818,0.536077,2021-11-05 20:00:00,0.4546,0.3594,0.186
EPL,2021/2022,16483,TRUE,89,Manchester United,MUN,88,Manchester City,MCI,0,2,0.759561,2.04202,2021-11-06 12:30:00,0.0837,0.1908,0.7255
EPL,2021/2022,16477,TRUE,244,Brentford,BRE,79,Norwich,NOR,1,2,2.79229,1.15797,2021-11-06 15:00:00,0.7832,0.1534,0.0634
EPL,2021/2022,16479,TRUE,80,Chelsea,CHE,92,Burnley,BUR,1,1,3.00585,0.674072,2021-11-06 15:00:00,0.8798,0.0929,0.0273
EPL,2021/2022,16480,TRUE,78,Crystal Palace,CRY,229,Wolverhampton Wanderers,WOL,2,0,2.65161,0.25416,2021-11-06 15:00:00,0.9354,0.057,0.0076
EPL,2021/2022,16478,TRUE,220,Brighton,BRI,86,Newcastle United,NEW,1,1,1.43123,0.227321,2021-11-06 17:30:00,0.7823,0.1837,0.034
EPL,2021/2022,16476,TRUE,83,Arsenal,ARS,90,Watford,WAT,1,0,1.49208,0.491659,2021-11-07 14:00:00,0.6791,0.2449,0.076
EPL,2021/2022,16481,TRUE,72,Everton,EVE,82,Tottenham,TOT,0,0,0.597906,0.801798,2021-11-07 14:00:00,0.2344,0.3843,0.3813
EPL,2021/2022,16482,TRUE,245,Leeds,LED,75,Leicester,LEI,1,1,1.96551,0.795292,2021-11-07 14:00:00,0.7108,0.2078,0.0814
EPL,2021/2022,16485,TRUE,81,West Ham,WHU,87,Liverpool,LIV,3,2,1.25298,1.45641,2021-11-07 16:30:00,0.3099,0.2842,0.4059
EPL,2021/2022,16488,TRUE,75,Leicester,LEI,80,Chelsea,CHE,0,3,0.499504,2.57178,2021-11-20 12:30:00,0.0208,0.1023,0.8769
EPL,2021/2022,16486,TRUE,71,Aston Villa,AVL,220,Brighton,BRI,2,0,1.06946,0.582787,2021-11-20 15:00:00,0.4855,0.336,0.1785
EPL,2021/2022,16487,TRUE,92,Burnley,BUR,78,Crystal Palace,CRY,3,3,1.04224,1.7483900000000001,2021-11-20 15:00:00,0.2089,0.2415,0.5496
EPL,2021/2022,16491,TRUE,86,Newcastle United,NEW,244,Brentford,BRE,3,3,2.18388,1.23275,2021-11-20 15:00:00,0.6076,0.2257,0.1667
EPL,2021/2022,16492,TRUE,79,Norwich,NOR,74,Southampton,SOU,2,1,0.43778,1.13118,2021-11-20 15:00:00,0.142,0.3171,0.5409
EPL,2021/2022,16494,TRUE,90,Watford,WAT,89,Manchester United,MUN,4,1,2.73393,1.66794,2021-11-20 15:00:00,0.6277,0.2073,0.165
EPL,2021/2022,16495,TRUE,229,Wolverhampton Wanderers,WOL,81,West Ham,WHU,1,0,1.31903,0.436331,2021-11-20 15:00:00,0.6132,0.2733,0.1135
EPL,2021/2022,16489,TRUE,87,Liverpool,LIV,83,Arsenal,ARS,4,0,3.97374,0.268025,2021-11-20 17:30:00,0.9941,0.0055,4e-4
EPL,2021/2022,16490,TRUE,88,Manchester City,MCI,72,Everton,EVE,3,0,2.61302,0.266894,2021-11-21 14:00:00,0.9179,0.0691,0.013
EPL,2021/2022,16493,TRUE,82,Tottenham,TOT,245,Leeds,LED,2,1,2.31744,1.46689,2021-11-21 16:30:00,0.5951,0.2303,0.1746
EPL,2021/2022,16496,TRUE,83,Arsenal,ARS,86,Newcastle United,NEW,2,0,2.84493,0.185383,2021-11-27 12:30:00,0.9577,0.0369,0.0054
EPL,2021/2022,16501,TRUE,78,Crystal Palace,CRY,71,Aston Villa,AVL,1,2,0.962129,0.454305,2021-11-27 15:00:00,0.5015,0.3502,0.1483
EPL,2021/2022,16503,TRUE,87,Liverpool,LIV,74,Southampton,SOU,4,0,3.07278,0.966132,2021-11-27 15:00:00,0.8606,0.101,0.0384
EPL,2021/2022,16505,TRUE,79,Norwich,NOR,229,Wolverhampton Wanderers,WOL,0,0,1.4047,0.297157,2021-11-27 15:00:00,0.705,0.2329,0.0621
EPL,2021/2022,16498,TRUE,220,Brighton,BRI,245,Leeds,LED,0,0,1.90498,0.864829,2021-11-27 17:30:00,0.6441,0.224,0.1319
EPL,2021/2022,16497,TRUE,244,Brentford,BRE,72,Everton,EVE,1,0,1.19813,0.968075,2021-11-28 14:00:00,0.4215,0.329,0.2495
EPL,2021/2022,16502,TRUE,75,Leicester,LEI,90,Watford,WAT,4,2,2.16027,2.38383,2021-11-28 14:00:00,0.332,0.2403,0.4277
EPL,2021/2022,16504,TRUE,88,Manchester City,MCI,81,West Ham,WHU,2,1,2.72187,0.171763,2021-11-28 14:00:00,0.9519,0.0432,0.0049
EPL,2021/2022,16500,TRUE,80,Chelsea,CHE,89,Manchester United,MUN,1,1,2.34525,0.563367,2021-11-28 16:30:00,0.8372,0.1357,0.0271
EPL,2021/2022,16513,TRUE,86,Newcastle United,NEW,79,Norwich,NOR,1,1,1.15636,1.51084,2021-11-30 19:30:00,0.2596,0.3006,0.4398
EPL,2021/2022,16508,TRUE,245,Leeds,LED,78,Crystal Palace,CRY,1,0,1.9818,0.707328,2021-11-30 20:15:00,0.7505,0.1819,0.0676
EPL,2021/2022,16509,TRUE,90,Watford,WAT,80,Chelsea,CHE,1,2,0.990877,0.908574,2021-12-01 19:30:00,0.3546,0.3333,0.3121
EPL,2021/2022,16510,TRUE,81,West Ham,WHU,220,Brighton,BRI,1,1,1.14679,1.2607,2021-12-01 19:30:00,0.3108,0.3198,0.3694
EPL,2021/2022,16511,TRUE,229,Wolverhampton Wanderers,WOL,92,Burnley,BUR,0,0,0.711691,0.195537,2021-12-01 19:30:00,0.4555,0.4569,0.0876
EPL,2021/2022,16514,TRUE,74,Southampton,SOU,75,Leicester,LEI,2,2,1.91169,1.4401,2021-12-01 19:30:00,0.4988,0.2516,0.2496
EPL,2021/2022,16506,TRUE,71,Aston Villa,AVL,88,Manchester City,MCI,1,2,0.772083,1.01897,2021-12-01 20:15:00,0.2603,0.3452,0.3945
EPL,2021/2022,16507,TRUE,72,Everton,EVE,87,Liverpool,LIV,1,4,0.512263,2.86067,2021-12-01 20:15:00,0.0212,0.0752,0.9036
EPL,2021/2022,16515,TRUE,82,Tottenham,TOT,244,Brentford,BRE,2,0,2.07248,0.225492,2021-12-02 19:30:00,0.8964,0.09,0.0136
EPL,2021/2022,16512,TRUE,89,Manchester United,MUN,83,Arsenal,ARS,3,2,1.85597,1.16638,2021-12-02 20:15:00,0.5558,0.2561,0.1881
EPL,2021/2022,16524,TRUE,81,West Ham,WHU,80,Chelsea,CHE,3,2,2.0174,1.37049,2021-12-04 12:30:00,0.5469,0.238,0.2151
EPL,2021/2022,16520,TRUE,86,Newcastle United,NEW,92,Burnley,BUR,1,0,1.70609,0.604599,2021-12-04 15:00:00,0.6761,0.2236,0.1003
EPL,2021/2022,16521,TRUE,74,Southampton,SOU,220,Brighton,BRI,1,1,1.34236,1.4872,2021-12-04 15:00:00,0.3101,0.2802,0.4097
EPL,2021/2022,16525,TRUE,229,Wolverhampton Wanderers,WOL,87,Liverpool,LIV,0,1,0.095167,2.42332,2021-12-04 15:00:00,0.005,0.0531,0.9419
EPL,2021/2022,16523,TRUE,90,Watford,WAT,88,Manchester City,MCI,1,3,0.675105,4.03223,2021-12-04 17:30:00,0.0142,0.0375,0.9483
EPL,2021/2022,16518,TRUE,245,Leeds,LED,244,Brentford,BRE,2,2,1.41896,1.19959,2021-12-05 14:00:00,0.4119,0.3026,0.2855
EPL,2021/2022,16519,TRUE,89,Manchester United,MUN,78,Crystal Palace,CRY,1,0,0.870376,0.520593,2021-12-05 14:00:00,0.4144,0.379,0.2066
EPL,2021/2022,16522,TRUE,82,Tottenham,TOT,79,Norwich,NOR,3,0,2.00668,1.06562,2021-12-05 14:00:00,0.6123,0.2365,0.1512
EPL,2021/2022,16516,TRUE,71,Aston Villa,AVL,75,Leicester,LEI,2,1,1.84818,0.982614,2021-12-05 16:30:00,0.6012,0.2298,0.169
EPL,2021/2022,16517,TRUE,72,Everton,EVE,83,Arsenal,ARS,2,1,1.06108,1.05723,2021-12-06 20:00:00,0.3397,0.3172,0.3431
EPL,2021/2022,16527,TRUE,244,Brentford,BRE,90,Watford,WAT,2,1,1.82799,0.561554,2021-12-10 20:00:00,0.7457,0.1892,0.0651
EPL,2021/2022,16534,TRUE,88,Manchester City,MCI,229,Wolverhampton Wanderers,WOL,1,0,2.99915,0.0762839,2021-12-11 12:30:00,0.9707,0.0277,0.0016
EPL,2021/2022,16526,TRUE,83,Arsenal,ARS,74,Southampton,SOU,3,0,2.08429,0.502215,2021-12-11 15:00:00,0.7915,0.1533,0.0552
EPL,2021/2022,16530,TRUE,80,Chelsea,CHE,245,Leeds,LED,3,2,2.74844,1.72934,2021-12-11 15:00:00,0.6283,0.22,0.1517
EPL,2021/2022,16533,TRUE,87,Liverpool,LIV,71,Aston Villa,AVL,1,0,2.71181,0.140573,2021-12-11 15:00:00,0.9577,0.0381,0.0042
EPL,2021/2022,16535,TRUE,79,Norwich,NOR,89,Manchester United,MUN,0,1,0.986107,2.09817,2021-12-11 17:30:00,0.1146,0.1998,0.6856
EPL,2021/2022,16529,TRUE,92,Burnley,BUR,81,West Ham,WHU,0,0,0.54801,0.998813,2021-12-12 14:00:00,0.1882,0.3477,0.4641
EPL,2021/2022,16532,TRUE,75,Leicester,LEI,86,Newcastle United,NEW,4,0,2.05771,0.511934,2021-12-12 14:00:00,0.8223,0.1348,0.0429
EPL,2021/2022,16531,TRUE,78,Crystal Palace,CRY,72,Everton,EVE,3,1,2.09864,1.27556,2021-12-12 16:30:00,0.5877,0.2329,0.1794
EPL,2021/2022,16541,TRUE,79,Norwich,NOR,71,Aston Villa,AVL,0,2,0.502647,1.96261,2021-12-14 19:45:00,0.0307,0.1634,0.8059
EPL,2021/2022,16545,TRUE,88,Manchester City,MCI,245,Leeds,LED,7,0,3.31349,0.227498,2021-12-14 20:00:00,0.9625,0.0336,0.0039
EPL,2021/2022,16538,TRUE,220,Brighton,BRI,229,Wolverhampton Wanderers,WOL,0,1,1.20118,1.11736,2021-12-15 19:30:00,0.3704,0.3352,0.2944
EPL,2021/2022,16542,TRUE,78,Crystal Palace,CRY,74,Southampton,SOU,2,2,1.49244,0.625183,2021-12-15 19:30:00,0.6182,0.2522,0.1296
EPL,2021/2022,16536,TRUE,83,Arsenal,ARS,81,West Ham,WHU,2,0,2.81482,0.338855,2021-12-15 20:00:00,0.9307,0.0568,0.0125
EPL,2021/2022,16543,TRUE,80,Chelsea,CHE,72,Everton,EVE,1,1,3.20239,0.627528,2021-12-16 19:45:00,0.9086,0.0747,0.0167
EPL,2021/2022,16544,TRUE,87,Liverpool,LIV,86,Newcastle United,NEW,3,1,2.93912,0.2064,2021-12-16 20:00:00,0.9714,0.0264,0.0022
EPL,2021/2022,16548,TRUE,245,Leeds,LED,83,Arsenal,ARS,1,4,1.31408,3.69008,2021-12-18 17:30:00,0.0393,0.0919,0.8688
EPL,2021/2022,16555,TRUE,229,Wolverhampton Wanderers,WOL,80,Chelsea,CHE,0,0,0.321371,0.793952,2021-12-19 14:00:00,0.1252,0.4072,0.4676
EPL,2021/2022,16550,TRUE,86,Newcastle United,NEW,88,Manchester City,MCI,0,4,0.174208,3.64686,2021-12-19 14:15:00,4e-4,0.0108,0.9888
EPL,2021/2022,16552,TRUE,82,Tottenham,TOT,87,Liverpool,LIV,2,2,2.79777,1.54944,2021-12-19 16:30:00,0.6918,0.1901,0.1181
EPL,2021/2022,16560,TRUE,88,Manchester City,MCI,75,Leicester,LEI,6,3,3.82869,2.43425,2021-12-26 15:00:00,0.7058,0.1626,0.1316
EPL,2021/2022,16562,TRUE,79,Norwich,NOR,83,Arsenal,ARS,0,5,0.154212,2.87539,2021-12-26 15:00:00,0.0023,0.0273,0.9704
EPL,2021/2022,16563,TRUE,82,Tottenham,TOT,78,Crystal Palace,CRY,3,0,2.82148,0.178324,2021-12-26 15:00:00,0.9536,0.0398,0.0066
EPL,2021/2022,16564,TRUE,81,West Ham,WHU,74,Southampton,SOU,2,3,1.53745,1.35643,2021-12-26 15:00:00,0.4011,0.312,0.2869
EPL,2021/2022,16556,TRUE,71,Aston Villa,AVL,80,Chelsea,CHE,1,3,0.474029,2.8285,2021-12-26 17:30:00,0.0139,0.0557,0.9304
EPL,2021/2022,16557,TRUE,220,Brighton,BRI,244,Brentford,BRE,2,0,0.943363,1.10342,2021-12-26 20:00:00,0.2916,0.3151,0.3933
EPL,2021/2022,16561,TRUE,86,Newcastle United,NEW,89,Manchester United,MUN,1,1,1.26586,1.75587,2021-12-27 20:00:00,0.232,0.2848,0.4832
EPL,2021/2022,16569,TRUE,90,Watford,WAT,81,West Ham,WHU,1,4,1.0143,2.84084,2021-12-28 15:00:00,0.0603,0.121,0.8187
EPL,2021/2022,16570,TRUE,78,Crystal Palace,CRY,79,Norwich,NOR,3,0,2.38978,0.594134,2021-12-28 15:00:00,0.8296,0.1241,0.0463
EPL,2021/2022,16575,TRUE,74,Southampton,SOU,82,Tottenham,TOT,1,1,0.353043,2.80917,2021-12-28 15:00:00,0.0137,0.062,0.9243
EPL,2021/2022,16573,TRUE,75,Leicester,LEI,87,Liverpool,LIV,1,0,0.615892,2.72682,2021-12-28 20:00:00,0.0217,0.0898,0.8885
EPL,2021/2022,16568,TRUE,80,Chelsea,CHE,220,Brighton,BRI,1,1,0.763458,0.78663,2021-12-29 19:30:00,0.3109,0.3696,0.3195
EPL,2021/2022,16567,TRUE,244,Brentford,BRE,88,Manchester City,MCI,0,1,0.238829,1.01763,2021-12-29 20:15:00,0.0672,0.2944,0.6384
EPL,2021/2022,16574,TRUE,89,Manchester United,MUN,92,Burnley,BUR,3,1,1.80776,0.871738,2021-12-30 20:15:00,0.6178,0.2285,0.1537
EPL,2021/2022,16576,TRUE,83,Arsenal,ARS,88,Manchester City,MCI,1,2,0.836949,1.94623,2022-01-01 12:30:00,0.0951,0.2126,0.6923
EPL,2021/2022,16585,TRUE,90,Watford,WAT,82,Tottenham,TOT,0,1,0.303514,1.93752,2022-01-01 15:00:00,0.0346,0.1376,0.8278
EPL,2021/2022,16579,TRUE,78,Crystal Palace,CRY,81,West Ham,WHU,2,3,2.69204,2.2314600000000002,2022-01-01 17:30:00,0.4861,0.2291,0.2848
EPL,2021/2022,16577,TRUE,244,Brentford,BRE,71,Aston Villa,AVL,2,1,0.501329,1.13821,2022-01-02 14:00:00,0.1502,0.318,0.5318
EPL,2021/2022,16580,TRUE,72,Everton,EVE,220,Brighton,BRI,2,3,1.82698,1.48397,2022-01-02 14:00:00,0.4435,0.2906,0.2659
EPL,2021/2022,16581,TRUE,245,Leeds,LED,92,Burnley,BUR,3,1,2.04186,0.960493,2022-01-02 14:00:00,0.642,0.2279,0.1301
EPL,2021/2022,16578,TRUE,80,Chelsea,CHE,87,Liverpool,LIV,2,2,1.389,1.78897,2022-01-02 16:30:00,0.26,0.2659,0.4741
EPL,2021/2022,16583,TRUE,89,Manchester United,MUN,229,Wolverhampton Wanderers,WOL,0,1,0.768752,0.840925,2022-01-03 17:30:00,0.2979,0.3534,0.3487
EPL,2021/2022,16551,TRUE,74,Southampton,SOU,244,Brentford,BRE,4,1,1.59306,0.621466,2022-01-11 21:45:00,0.6476,0.2451,0.1073
EPL,2021/2022,16554,TRUE,81,West Ham,WHU,79,Norwich,NOR,2,0,2.89217,0.343347,2022-01-12 21:45:00,0.9379,0.0507,0.0114
EPL,2021/2022,16587,TRUE,220,Brighton,BRI,78,Crystal Palace,CRY,1,1,2.18053,0.509681,2022-01-14 20:00:00,0.8253,0.1462,0.0285
EPL,2021/2022,16590,TRUE,88,Manchester City,MCI,80,Chelsea,CHE,1,0,0.901703,0.613757,2022-01-15 12:30:00,0.3931,0.3805,0.2264
EPL,2021/2022,16591,TRUE,86,Newcastle United,NEW,90,Watford,WAT,1,1,1.03855,1.49623,2022-01-15 15:00:00,0.245,0.2696,0.4854
EPL,2021/2022,16592,TRUE,79,Norwich,NOR,72,Everton,EVE,2,1,1.00153,0.541027,2022-01-15 15:00:00,0.5033,0.3336,0.1631
EPL,2021/2022,16595,TRUE,229,Wolverhampton Wanderers,WOL,74,Southampton,SOU,3,1,2.29917,0.91728,2022-01-15 15:00:00,0.763,0.1674,0.0696
EPL,2021/2022,16586,TRUE,71,Aston Villa,AVL,89,Manchester United,MUN,2,2,1.82784,1.35378,2022-01-15 17:30:00,0.4953,0.2638,0.2409
EPL,2021/2022,16589,TRUE,87,Liverpool,LIV,244,Brentford,BRE,3,0,3.49099,0.376656,2022-01-16 14:00:00,0.9546,0.0376,0.0078
EPL,2021/2022,16594,TRUE,81,West Ham,WHU,245,Leeds,LED,2,3,2.3549,2.26884,2022-01-16 14:00:00,0.3868,0.2689,0.3443
EPL,2021/2022,16607,TRUE,220,Brighton,BRI,80,Chelsea,CHE,1,1,0.747557,0.572994,2022-01-18 09:45:00,0.3731,0.382,0.2449
EPL,2021/2022,16540,TRUE,75,Leicester,LEI,82,Tottenham,TOT,2,3,1.95031,4.24711,2022-01-19 19:30:00,0.0659,0.1079,0.8262
EPL,2021/2022,16537,TRUE,244,Brentford,BRE,89,Manchester United,MUN,1,3,2.081,2.05969,2022-01-19 20:00:00,0.3775,0.2449,0.3776
EPL,2021/2022,16605,TRUE,90,Watford,WAT,79,Norwich,NOR,0,3,1.30606,0.925212,2022-01-21 20:00:00,0.4434,0.3179,0.2387
EPL,2021/2022,16600,TRUE,72,Everton,EVE,71,Aston Villa,AVL,0,1,1.2384,0.860245,2022-01-22 12:30:00,0.453,0.3178,0.2292
EPL,2021/2022,16597,TRUE,244,Brentford,BRE,229,Wolverhampton Wanderers,WOL,1,2,0.742573,0.218211,2022-01-22 15:00:00,0.4573,0.444,0.0987
EPL,2021/2022,16601,TRUE,245,Leeds,LED,86,Newcastle United,NEW,0,1,1.12992,1.15904,2022-01-22 15:00:00,0.3454,0.3061,0.3485
EPL,2021/2022,16603,TRUE,89,Manchester United,MUN,81,West Ham,WHU,1,0,1.75857,0.238027,2022-01-22 15:00:00,0.876,0.11,0.014
EPL,2021/2022,16604,TRUE,74,Southampton,SOU,88,Manchester City,MCI,1,1,1.0022200000000001,1.62907,2022-01-22 17:30:00,0.1829,0.298,0.5191
EPL,2021/2022,16596,TRUE,83,Arsenal,ARS,92,Burnley,BUR,0,0,1.35507,0.388963,2022-01-23 14:00:00,0.6339,0.2698,0.0963
EPL,2021/2022,16599,TRUE,78,Crystal Palace,CRY,87,Liverpool,LIV,1,3,1.62615,1.49697,2022-01-23 14:00:00,0.3937,0.2946,0.3117
EPL,2021/2022,16602,TRUE,75,Leicester,LEI,220,Brighton,BRI,1,1,1.70979,1.1973800000000001,2022-01-23 14:00:00,0.5104,0.2678,0.2218
EPL,2021/2022,16598,TRUE,80,Chelsea,CHE,82,Tottenham,TOT,2,0,1.04212,0.328818,2022-01-23 16:30:00,0.5568,0.3318,0.1114
EPL,2021/2022,16539,TRUE,92,Burnley,BUR,90,Watford,WAT,0,0,0.765905,0.933965,2022-02-05 18:00:00,0.2769,0.346,0.3771
EPL,2021/2022,16610,TRUE,81,West Ham,WHU,90,Watford,WAT,1,0,0.905143,0.335474,2022-02-08 19:45:00,0.533,0.3591,0.1079
EPL,2021/2022,16612,TRUE,86,Newcastle United,NEW,72,Everton,EVE,3,1,2.68732,0.823607,2022-02-08 19:45:00,0.8331,0.1233,0.0436
EPL,2021/2022,16608,TRUE,92,Burnley,BUR,89,Manchester United,MUN,1,1,0.772721,1.8338699999999999,2022-02-08 20:00:00,0.1167,0.2366,0.6467
EPL,2021/2022,16609,TRUE,79,Norwich,NOR,78,Crystal Palace,CRY,1,1,0.296411,1.22883,2022-02-09 19:45:00,0.0558,0.2461,0.6981
EPL,2021/2022,16613,TRUE,82,Tottenham,TOT,74,Southampton,SOU,2,3,1.74286,1.73293,2022-02-09 19:45:00,0.3729,0.2694,0.3577
EPL,2021/2022,16615,TRUE,88,Manchester City,MCI,244,Brentford,BRE,2,0,1.9824600000000001,0.461305,2022-02-09 19:45:00,0.7981,0.1558,0.0461
EPL,2021/2022,16606,TRUE,71,Aston Villa,AVL,245,Leeds,LED,3,3,1.5013,2.52914,2022-02-09 20:00:00,0.1454,0.2112,0.6434
EPL,2021/2022,16611,TRUE,229,Wolverhampton Wanderers,WOL,83,Arsenal,ARS,0,1,0.641359,1.45247,2022-02-10 19:45:00,0.104,0.2477,0.6483
EPL,2021/2022,16614,TRUE,87,Liverpool,LIV,75,Leicester,LEI,2,0,2.72997,0.544954,2022-02-10 19:45:00,0.8752,0.0992,0.0256
EPL,2021/2022,16621,TRUE,89,Manchester United,MUN,74,Southampton,SOU,1,1,2.99207,0.677386,2022-02-12 12:30:00,0.9063,0.0701,0.0236
EPL,2021/2022,16616,TRUE,244,Brentford,BRE,78,Crystal Palace,CRY,0,0,1.97576,0.49802,2022-02-12 15:00:00,0.8021,0.1551,0.0428
EPL,2021/2022,16619,TRUE,72,Everton,EVE,245,Leeds,LED,3,0,2.58561,0.242668,2022-02-12 15:00:00,0.938,0.053900000000000003,0.0081
EPL,2021/2022,16625,TRUE,90,Watford,WAT,220,Brighton,BRI,0,2,0.532979,1.80456,2022-02-12 15:00:00,0.0579,0.1835,0.7586
EPL,2021/2022,16623,TRUE,79,Norwich,NOR,88,Manchester City,MCI,0,4,0.356755,4.44653,2022-02-12 17:30:00,8e-4,0.0051,0.9941
EPL,2021/2022,16617,TRUE,92,Burnley,BUR,87,Liverpool,LIV,0,1,1.16081,1.95722,2022-02-13 14:00:00,0.1124,0.2695,0.6181
EPL,2021/2022,16622,TRUE,86,Newcastle United,NEW,71,Aston Villa,AVL,1,0,0.527571,0.455206,2022-02-13 14:00:00,0.2938,0.4633,0.2429
EPL,2021/2022,16624,TRUE,82,Tottenham,TOT,229,Wolverhampton Wanderers,WOL,0,2,0.838197,1.87026,2022-02-13 14:00:00,0.1087,0.2126,0.6787
EPL,2021/2022,16620,TRUE,75,Leicester,LEI,81,West Ham,WHU,2,2,1.40693,0.745068,2022-02-13 16:30:00,0.5533,0.2898,0.1569
EPL,2021/2022,16549,TRUE,89,Manchester United,MUN,220,Brighton,BRI,2,0,2.74936,1.26179,2022-02-15 20:15:00,0.7164,0.1755,0.1081
EPL,2021/2022,16634,TRUE,81,West Ham,WHU,86,Newcastle United,NEW,1,1,0.847948,0.932574,2022-02-19 12:30:00,0.3023,0.3338,0.3639
EPL,2021/2022,16626,TRUE,83,Arsenal,ARS,244,Brentford,BRE,2,1,1.52247,0.640726,2022-02-19 15:00:00,0.5994,0.2707,0.1299
EPL,2021/2022,16627,TRUE,71,Aston Villa,AVL,90,Watford,WAT,0,1,1.0267,1.82051,2022-02-19 15:00:00,0.1601,0.2347,0.6052
EPL,2021/2022,16628,TRUE,220,Brighton,BRI,92,Burnley,BUR,0,3,0.44587,0.821228,2022-02-19 15:00:00,0.1732,0.3904,0.4364
EPL,2021/2022,16629,TRUE,78,Crystal Palace,CRY,80,Chelsea,CHE,0,1,0.624023,1.1233900000000001,2022-02-19 15:00:00,0.1768,0.3128,0.5104
EPL,2021/2022,16631,TRUE,87,Liverpool,LIV,79,Norwich,NOR,3,1,3.15449,0.66975,2022-02-19 15:00:00,0.8884,0.0846,0.027
EPL,2021/2022,16633,TRUE,74,Southampton,SOU,72,Everton,EVE,2,0,2.72851,0.19991,2022-02-19 15:00:00,0.9461,0.0472,0.0067
EPL,2021/2022,16632,TRUE,88,Manchester City,MCI,82,Tottenham,TOT,2,3,2.31773,2.00235,2022-02-19 17:30:00,0.4423,0.2534,0.3043
EPL,2021/2022,16630,TRUE,245,Leeds,LED,89,Manchester United,MUN,2,4,1.74476,2.60999,2022-02-20 14:00:00,0.1986,0.2134,0.588
EPL,2021/2022,16635,TRUE,229,Wolverhampton Wanderers,WOL,75,Leicester,LEI,2,1,0.472777,1.55048,2022-02-20 16:30:00,0.0684,0.2026,0.729
EPL,2021/2022,16499,TRUE,92,Burnley,BUR,82,Tottenham,TOT,1,0,1.55576,0.691655,2022-02-23 19:30:00,0.6341,0.2428,0.1231
EPL,2021/2022,16553,TRUE,90,Watford,WAT,78,Crystal Palace,CRY,1,4,1.71917,0.818403,2022-02-23 19:30:00,0.6465,0.2321,0.1214
EPL,2021/2022,16559,TRUE,87,Liverpool,LIV,245,Leeds,LED,6,0,5.3303,0.141547,2022-02-23 19:45:00,0.9989,9e-4,2e-4
EPL,2021/2022,16566,TRUE,83,Arsenal,ARS,229,Wolverhampton Wanderers,WOL,2,1,2.50961,1.10934,2022-02-24 19:45:00,0.6983,0.1833,0.1184
EPL,2021/2022,16644,TRUE,74,Southampton,SOU,79,Norwich,NOR,2,0,3.08863,0.424877,2022-02-25 20:00:00,0.9377,0.0517,0.0106
EPL,2021/2022,16642,TRUE,245,Leeds,LED,82,Tottenham,TOT,0,4,1.89569,2.47025,2022-02-26 12:30:00,0.2622,0.2219,0.5159
EPL,2021/2022,16637,TRUE,244,Brentford,BRE,86,Newcastle United,NEW,0,2,0.494232,2.25373,2022-02-26 15:00:00,0.0526,0.1455,0.8019
EPL,2021/2022,16640,TRUE,78,Crystal Palace,CRY,92,Burnley,BUR,1,1,1.03765,0.255988,2022-02-26 15:00:00,0.6096,0.3126,0.0778
EPL,2021/2022,16643,TRUE,89,Manchester United,MUN,90,Watford,WAT,0,0,2.41457,0.437185,2022-02-26 15:00:00,0.8563,0.11,0.0337
EPL,2021/2022,16638,TRUE,220,Brighton,BRI,71,Aston Villa,AVL,0,2,0.627107,1.3027,2022-02-26 15:30:00,0.1398,0.2854,0.5748
EPL,2021/2022,16641,TRUE,72,Everton,EVE,88,Manchester City,MCI,0,1,0.770819,1.93422,2022-02-26 17:30:00,0.0832,0.2007,0.7161
EPL,2021/2022,16645,TRUE,81,West Ham,WHU,229,Wolverhampton Wanderers,WOL,1,0,1.62241,0.892018,2022-02-27 14:00:00,0.5753,0.2599,0.1648
